method,n_images,n_success,failure_rate,mean_max_reid,privacy_max_reid,privacy_exploratory,full_frame_utility,non_sensitive_utility,non_sensitive_source,n_nonsensitive,utility_deployment,runtime_mean_seconds,runtime_score,success_score,visual_eligibility,final_role,gate_failure,gate_visual_not_eligible,gate_privacy_floor_fail_balanced,gate_privacy_floor_fail_strict,deployable_candidate,eligible_default_policy,eligible_privacy_first,oapr_deployment_face_anonymisation_score,exploratory_balanced_score,SSIM_mean,LPIPS_mean
solid_mask_black,500,500,0.0,0.2927333333333333,0.7072666666666666,0.9996333333333334,0.8038679412643892,0.9964370089750236,full_protocol_face_restore_ssim,500,0.9194093818907698,0.427300688,0.9145398624,1.0,ELIGIBLE,privacy-first terminal action,False,False,False,True,True,True,False,0.8142197061568615,0.9324310352859834,0.977518037070241,0.01953412952926
riddle,500,500,0.0,0.2967,0.7032999999999999,0.99765,0.8030076361399778,0.998236187696457,background_preservation_score_group2,500,0.9201447670738652,0.3649741984220004,0.9270051603156,1.0,RESEARCH_COMPARABLE_NOT_DEFAULT,full comparable evidence,False,True,False,True,False,False,False,0.813025068553892,0.9030561813295034,0.9832117143010126,0.0190880311555228
layered_blur_downscale_noise,500,500,0.0,0.3275095238095238,0.6724904761904762,0.982995238095238,0.8977540717895107,0.9979725945737188,full_protocol_face_restore_ssim,500,0.9578851854600356,0.440964332,0.9118071336,1.0,ELIGIBLE,default balanced action,False,False,False,True,True,True,False,0.8047286744071428,0.9520045539444724,0.9892605527438152,0.0098304378094616
diffusion_low_step,500,500,0.0,0.3319635642135642,0.6680364357864359,0.978683694083694,0.8900593613916323,0.997924739277874,full_protocol_face_restore_ssim,500,0.9547785881233772,2.29643385,0.5407132299999999,1.0,RESEARCH_ONLY_NOT_DEFAULT,negative/conditional evidence,False,True,False,True,False,False,False,0.7829428221411716,0.9127037184993366,0.9863531867525104,0.0104559691776521
blur,500,500,0.0,0.3921777777777778,0.6078222222222222,0.9415611111111112,0.9168870916267008,0.9990277172877584,full_protocol_face_restore_ssim,500,0.9661714670233356,0.492744408,0.9014511184,1.0,ELIGIBLE,utility-oriented deterministic candidate,False,False,False,True,True,True,False,0.770820416626832,0.9359917948835658,0.9928512715889304,0.0079926195894367
falco,500,500,0.0,0.2956499999999999,0.70435,0.998175,0.7916932409181443,0.998133119225502,background_preservation_score_group2,500,0.9155571679025588,16.623069160474,0.0,1.0,RESEARCH_COMPARABLE_NOT_DEFAULT,full comparable evidence,False,True,False,True,False,False,False,0.76609510389819,0.8106769135141331,0.9826336914746456,0.020322216823697
nullface,500,500,0.0,0.3740603896103896,0.6259396103896104,0.9437463564213564,0.8202290302516915,0.9821568947644876,full_protocol_face_restore_ssim,500,0.9173857489593692,,0.0,1.0,RESEARCH_ONLY_NOT_DEFAULT,research comparison,False,True,False,True,False,False,False,0.7218289124305768,0.8179418872861857,0.9704866011081308,0.0254209156867581
reverse_personalization,500,444,0.1119999999999999,0.4879936507936507,0.5120063492063492,0.8015226190476191,0.8394044615229387,0.997823820536976,full_protocol_face_restore_ssim,444,0.934456076931361,139.43957406756758,0.0,0.888,RESEARCH_ONLY_NOT_DEFAULT,research comparison,True,True,True,True,False,False,False,0.65939989335003,0.7413826479806911,0.9911991509981356,0.005231636088352
pixelate,500,500,0.0,0.6081247474747474,0.3918752525252525,0.7461078282828282,0.935469109522094,0.9990850997590968,full_protocol_face_restore_ssim,500,0.9736387036642956,0.4857542439999999,0.9028491512,1.0,ELIGIBLE,utility-oriented deterministic candidate,False,False,True,True,True,False,False,0.6539920323408726,0.8439795621180424,0.9956000596206338,0.0062330920288222
